{
  "id": "cof",
  "title": "Chroniques Oubliées Fantasy",
  "description": "<p>Système Foundry VTT pour <a href='https://www.black-book-editions.fr/catalogue.php?id=477'>Chroniques Oubliées Fantasy</a>.</p><p> *** Rejoignez la communauté Discord FR :<a href='https://discord.gg/pPSDNJk'>https://discord.gg/pPSDNJk</a></p>",
  "version": "#{VERSION}#",
  "compatibility": {
    "minimum": "12",
    "verified": "13",
    "maximum": "13"
  },
  "authors": [
    {
      "name": "Zigmund"
    },
    {
      "name": "Kristov"
    },
    {
      "name": "Eryan"
    },
    {
      "name": "Lemeran81"
    }
  ],
  "esmodules": [
    "module/cof.js"
  ],
  "styles": [
    "./css/cof.css"
  ],
  "packs": [
    {
      "name": "macros",
      "label": "Macros",
      "system": "cof",
      "path": "./packs/macros.db",
      "type": "Macro",
      "tag" : "macro"
    }
  ],
  "languages": [
    {
      "lang": "en",
      "name": "English",
      "path": "lang/en.json"
    },
    {
      "lang": "fr",
      "name": "Français",
      "path": "lang/fr.json"
    }
  ],
  "socket": true,
  "grid": {
    "distance": 1.5,
    "units": "m"
  },
  "primaryTokenAttribute": "attributes.hp",
  "secondaryTokenAttribute": null,
  "url": "https://github.com/thibaud200/cof",
  "manifest": "https://raw.githubusercontent.com/thibaud200/cof/master/system.json",
  "download": "https://github.com/thibaud200/cof/archive/refs/heads/master.zip"
}
