{
  "Actor": {
    "types": [
      "character",
      "npc",
      "encounter",
      "loot"
    ],
    "templates": {
      "stats": {
        "stats": {
          "str" : {
            "key" : "str",
            "label" : "COF.stats.str.label",
            "abbrev" : "COF.stats.str.abbrev",
            "base": 10,
            "racial": 0,
            "bonus": 0,
            "mod": 0,
            "value": 10,
            "tmpmod": null,
            "superior": false,
            "skillbonus": 0,
            "skillmalus": 0
          },
          "dex" : {
            "key" : "dex",
            "label" : "COF.stats.dex.label",
            "abbrev" : "COF.stats.dex.abbrev",
            "base": 10,
            "racial": 0,
            "bonus": 0,
            "mod": 0,
            "value": 10,
            "tmpmod": null,
            "superior" : false,
            "skillbonus": 0,
            "skillmalus": 0
          },
          "con" : {
            "key" : "con",
            "label" : "COF.stats.con.label",
            "abbrev" : "COF.stats.con.abbrev",
            "base": 10,
            "racial": 0,
            "bonus": 0,
            "mod": 0,
            "value": 10,
            "tmpmod": null,
            "superior" : false,
            "skillbonus": 0,
            "skillmalus": 0
          },
          "int" : {
            "key" : "int",
            "label" : "COF.stats.int.label",
            "abbrev" : "COF.stats.int.abbrev",
            "base": 10,
            "racial": 0,
            "bonus": 0,
            "mod": 0,
            "value": 10,
            "tmpmod": null,
            "superior" : false,
            "skillbonus": 0,
            "skillmalus": 0
          },
          "wis" : {
            "key" : "wis",
            "label" : "COF.stats.wis.label",
            "abbrev" : "COF.stats.wis.abbrev",
            "base": 10,
            "racial": 0,
            "bonus": 0,
            "mod": 0,
            "value": 10,
            "tmpmod": null,
            "superior" : false,
            "skillbonus": 0,
            "skillmalus": 0
          },
          "cha" : {
            "key" : "cha",
            "label" : "COF.stats.cha.label",
            "abbrev" : "COF.stats.cha.abbrev",
            "base": 10,
            "racial": 0,
            "bonus": 0,
            "mod": 0,
            "value": 10,
            "tmpmod": null,
            "superior" : false,
            "skillbonus": 0,
            "skillmalus": 0
          }
        }
      },
      "xp" : {
        "level": {
          "key" : "level",
          "label" : "COF.attributes.level.label",
          "abbrev" : "COF.attributes.level.abbrev",
          "value": 1,
          "max": 20,
          "history": []
        },
        "xp": {
          "key" : "xp",
          "label" : "COF.attributes.xp.label",
          "abbrev" : "COF.attributes.xp.abbrev",
          "value": 2,
          "max": 2
        }
      },
      "attacks" : {
        "attacks" : {
          "melee" : {
            "key" : "melee",
            "label": "COF.attacks.melee.label",
            "abbrev": "COF.attacks.melee.abbrev",
            "stat": "@stats.str.mod",
            "enabled": true,
            "base": 1,
            "bonus": 0,
            "malus": 0,
            "mod": 1,
            "dmBonus":0
          },
          "ranged" : {
            "key" : "ranged",
            "label": "COF.attacks.ranged.label",
            "abbrev": "COF.attacks.ranged.abbrev",
            "stat": "@stats.dex.mod",
            "enabled": true,
            "base": 1,
            "bonus": 0,
            "malus": 0,
            "mod": 1,
            "dmBonus":0
          },
          "magic" : {
            "key" : "magic",
            "label": "COF.attacks.magic.label",
            "abbrev": "COF.attacks.magic.abbrev",
            "stat": "@stats.int.mod",
            "enabled": true,
            "base": 1,
            "bonus": 0,
            "malus": 0,
            "mod": 1,
            "dmBonus":0
          }
        }
      },
      "common": {
        "description": "",
        "attributes": {
          "hp": {
            "key" : "hp",
            "label" : "COF.attributes.hp.label",
            "abbrev" : "COF.attributes.hp.abbrev",
            "base": 0,
            "bonus": 0,
            "value": 0,
            "max": 0
          },
          "def": {
            "key" : "def",
            "label" : "COF.attributes.def.label",
            "abbrev" : "COF.attributes.def.abbrev",
            "base": 10,
            "bonus": 0,
            "malus": 0,
            "value": 10
          },
          "init": {
            "key" : "init",
            "label" : "COF.attributes.init.label",
            "abbrev" : "COF.attributes.init.abbrev",
            "base": 10,
            "bonus": 0,
            "malus": 0,
            "value": 10
          },
          "dr": {
            "key" : "dr",
            "label" : "COF.attributes.dr.label",
            "abbrev" : "COF.attributes.dr.abbrev",
            "enabled": false,
            "base": { "value" : 0, "ignored" : ""},
            "bonus": { "value" : 0, "ignored" : ""},
            "value": 0
          },
          "rp": {
            "key" : "rp",
            "label" : "COF.attributes.rp.label",
            "abbrev" : "COF.attributes.rp.abbrev",
            "enabled": false,
            "base": 5,
            "bonus": 0,
            "value": 5,
            "max": 5
          },
          "fp": {
            "key" : "fp",
            "label" : "COF.attributes.fp.label",
            "abbrev" : "COF.attributes.fp.abbrev",
            "enabled": false,
            "base": 3,
            "bonus": 0,
            "value": 3,
            "max": 3
          },
          "mp": {
            "key" : "mp",
            "label" : "COF.attributes.mp.label",
            "abbrev" : "COF.attributes.mp.abbrev",
            "enabled": false,
            "base": 0,
            "bonus": 0,
            "value": 0,
            "max": 0
          },
          "hd": {
            "key" : "hd",
            "label" : "COF.attributes.hd.label",
            "abbrev" : "COF.attributes.hd.abbrev",
            "value": "1d4"
          },
          "overload": {
            "key" : "over",
            "label" : "COF.attributes.over.label",
            "abbrev" : "COF.attributes.over.abbrev",
            "misc": 0
          }
        },
        "currency": {
          "pp": {
            "key" : "pp",
            "label" : "COF.currency.pp.label",
            "abbrev" : "COF.currency.pp.abbrev",
            "qty" : 0
          },
          "gp": {
            "key" : "gp",
            "label" : "COF.currency.gp.label",
            "abbrev" : "COF.currency.gp.abbrev",
            "qty" : 0
          },
          "sp": {
            "key" : "sp",
            "label" : "COF.currency.sp.label",
            "abbrev" : "COF.currency.sp.abbrev",
            "qty" : 0
          },
          "cp": {
            "key" : "cp",
            "label" : "COF.currency.cp.label",
            "abbrev" : "COF.currency.cp.abbrev",
            "qty" : 0
          }
        },
        "alert": {
          "type": "error",
          "msg": ""
        },
        "details": {
          "gender": "",
          "age": "",
          "weight": "",
          "height": "",
          "eyes": "",
          "hair": "",
          "size": "med",
          "senses": "",
          "languages": {
            "value": [],
            "custom": ""
          }
        },
        "settings": {
          "combat": {
            "folded": []
          },
          "inventory": {
            "folded": []
          },
          "capacities": {
            "folded": []
          },
          "effects": {
            "folded": []
          }
        },
        "moduleData": {}
      }
    },
    "character": {
      "templates": [
        "stats",
        "attacks",
        "xp",
        "common"
      ]
    },
    "npc": {
      "templates": [
        "stats",
        "attacks",
        "xp",
        "common"
      ]
    },
    "encounter": {
      "key": null,
      "templates": [
        "stats",
        "attacks",
        "common"
      ],
      "nc": {
        "key" : "nc",
        "label" : "COF.attributes.nc.label",
        "abbrev" : "COF.attributes.nc.abbrev",
        "value": 1
      },
      "weapons" : [{
        "name" : "",
        "critrange" : 20,
        "mod" : 0,
        "dmg" : 0
      }],
      "capacities" : [],
      "paths": [],
      "boss": {
        "rank" : null,
        "type" : null
      },
      "families": [],
      "archetype": "",
      "category": ""
    },
    "loot" : {
      "templates": [
        "common"
      ]
    }
  },
  "Item": {
    "types": [
      "item",
      "capacity",
      "species",
      "profile",
      "path"
    ],
    "templates": {
      "base" : {
        "key": "",
        "description" : "",
        "source" : "",
        "moduleData": {}
      },
      "equipment" : {
        "def" : 0,
        "defBase" : 0,
        "defBonus" : 0,
        "dr" : 0,
        "dmg": "",
        "dmgBase": "",
        "dmgStat": "",
        "dmgBonus": 0,
        "mod": 0,
        "skill": "",
        "skillBonus" : 0,
        "critrange": "20",
        "hands": 1,
        "range": 0,
        "reload": "",
        "worn": false,
        "slot": "",
        "qty" : 1,
        "stacksize" : null,
        "deleteWhen0" : false,
        "price": 0,
        "value" : 0,
        "rarity" : "common",
        "properties": {
          "predilection": false,
          "ranged": false,
          "equipable": false,
          "stackable": false,
          "activable" : false,
          "unique" : false,
          "tailored" : false,
          "2H" : false,
          "proficient" : false,
          "finesse" : false,
          "equipment" : false,
          "weapon" : false,
          "protection" : false,
          "reloadable" : false,
          "bow" : false,
          "crossbow" : false,
          "powder" : false,
          "throwing" : false,
          "dr" : false,
          "sneak" : false,
          "powerful" : false,
          "critscience" : false,
          "specialization" : false,
          "effects" : false,
          "13strmin" : false,
          "bashing" : false,
          "sling" : false,
          "spell" : false,
          "consumable" : false
        },
        "effects" : {
          "heal" : {
            "formula" : null,
            "persistent" : false,
            "duration" : {
              "value" : null,
              "units" : null
            }
          },
          "buff" : {
            "formula" : null,
            "persistent" : false,
            "duration" : {
              "value" : null,
              "units" : null
            }
          }
        }
      }
    },
    "item" : {
      "templates": [
        "base",
        "equipment"
      ],
      "subtype" : ""
    },
    "capacity": {
      "templates": [
        "base"
      ],
      "type": null,
      "summary" : "",
      "rank": null,
      "path": "",
      "checked": false,
      "limited": false,
      "spell": false,
      "ranged": false,
      "limitedUsage": false,
      "save": false,
      "activable": false,      
      "heal": false,
      "attack": false,
      "useMacro": false,
      "buff": false,
      "noXpCost": false,
      "properties": {
        "ranged": {
          "range": "",
          "radius": ""
        },
        "limitedUsage": {
          "use": 0,
          "maxUse": 0
        },
        "save": {
          "stat": "",
          "difficulty": "",
          "text": ""
        },
        "heal": {
          "formula": null
        },
        "attack": {
            "skill": "",
            "skillBonus": "",
            "difficulty": null,
            "dmgBase": "",
            "dmgStat": ""     
        },
        "macro": {
          "name": null,
          "id": null,
          "pack": null
        },
        "buff": {
          "activated": false
        }
      }
    },
    "profile": {
      "templates": [
        "base"
      ],
      "dv": "",
      "spellcasting": "",
      "mpfactor": 0,
      "paths" : [],
      "proficiencies" : {
        "daggers" : false,
        "swords" : false,
        "axes" : false,
        "staves" : false,
        "clubs" : false,
        "hammers" : false,
        "katanas" : false,
        "2-hands" : false,
        "slings" : false,
        "bows" : false,
        "crossbows" : false,
        "throwing-weapons" : false,
        "powder-weapons" : false,
        "soft-leather" : false,
        "studded-leather" : false,
        "mail" : false,
        "half-plate" : false,
        "full-plate" : false,
        "shield" : false
      }
    },
    "species": {
      "templates": [
        "base"
      ],
      "bonuses": {
        "str" : 0,
        "dex" : 0,
        "con" : 0,
        "int" : 0,
        "wis" : 0,
        "cha" : 0
      },
      "paths": [],
      "capacities": []
    },
    "path": {
      "templates": [
        "base"
      ],
      "capacities": [],
      "profile": null,
      "properties": {
        "profile": false,
        "prestige": false,
        "alternative": false,
        "racial": false,
        "creature": false
      }
    }
  }
}
